state,year,total,D,R,R_pv2p,D_pv2p
Alabama,1976,1182850,659170,504070,43.33327602,56.66672398
Alabama,1980,1341929,636730,654192,50.67633831,49.32366169
Alabama,1984,1441713,551899,872849,61.26339535,38.73660465
Alabama,1988,1378476,549506,815576,59.7455684,40.2544316
Alabama,1992,1688060,690080,804283,53.82112646,46.17887354
Alabama,1996,1534349,662165,769044,53.73387115,46.26612885
Alabama,2000,1666272,692611,941173,57.60694192,42.39305808
Alabama,2004,1883415,693933,1176394,62.89777135,37.10222865
Alabama,2008,2099819,813479,1266546,60.89090275,39.10909725
Alabama,2012,2074338,795696,1255925,61.21622853,38.78377147
Alabama,2016,2123372,729547,1318255,64.37414359,35.62585641
Alaska,1976,123574,44058,71555,61.89182877,38.10817123
Alaska,1980,158445,41842,86112,67.29918564,32.70081436
Alaska,1984,207605,62007,138377,69.05591265,30.94408735
Alaska,1988,200116,72584,119251,62.16331743,37.83668257
Alaska,1992,258506,78294,102000,56.57426204,43.42573796
Alaska,1996,241620,80380,122746,60.42850251,39.57149749
Alaska,2000,285560,79004,167398,67.93694856,32.06305144
Alaska,2004,312598,111025,190889,63.22628298,36.77371702
Alaska,2008,326197,123594,193841,61.06478492,38.93521508
Alaska,2012,300495,122640,164676,57.31529048,42.68470952
Alaska,2016,318608,116454,163387,58.38565471,41.61434529
Arizona,1976,742719,295602,418642,58.61330302,41.38669698
Arizona,1980,873945,246843,529688,68.21208683,31.78791317
Arizona,1984,1025897,333854,681416,67.11672757,32.88327243
Arizona,1988,1171873,454029,702541,60.74349153,39.25650847
Arizona,1992,1486975,543050,572086,51.30190398,48.69809602
Arizona,1996,1404405,653288,622073,48.77622885,51.22377115
Arizona,2000,1532016,685341,781652,53.28259917,46.71740083
Arizona,2004,2012585,893524,1104294,55.27500503,44.72499497
Arizona,2008,2293475,1034707,1230111,54.31390072,45.68609928
Arizona,2012,2299254,1025232,1233654,54.61338022,45.38661978
Arizona,2016,2573165,1161167,1252401,51.8900234,48.1099766
Arkansas,1976,767535,498604,267903,34.95114852,65.04885148
Arkansas,1980,837582,398041,403164,50.31970594,49.68029406
Arkansas,1984,884406,338646,534774,61.2275881,38.7724119
Arkansas,1988,827738,349237,466578,57.19164271,42.80835729
Arkansas,1992,950653,505823,337324,40.00773293,59.99226707
Arkansas,1996,884262,475171,325416,40.64717514,59.35282486
Arkansas,2000,921781,422768,472940,52.80068951,47.19931049
Arkansas,2004,1054945,469953,572898,54.93574825,45.06425175
Arkansas,2008,1086617,422310,638017,60.17172061,39.82827939
Arkansas,2012,1069468,394409,647744,62.15440535,37.84559465
Arkansas,2016,1130635,380494,684872,64.28513769,35.71486231
California,1976,7803770,3742284,3882244,50.91782731,49.08217269
California,1980,8582938,3082943,4522994,59.46662456,40.53337544
California,1984,9505041,3922519,5467009,58.22453482,41.77546518
California,1988,9887065,4702233,5054917,51.80731054,48.19268946
California,1992,11131721,5121325,3630574,41.48327123,58.51672877
California,1996,10019469,5119835,3828381,42.78373477,57.21626523
California,2000,10965822,5861203,4567429,43.79701,56.20299
California,2004,12421353,6745485,5509826,44.95867955,55.04132045
California,2008,13561900,8274473,5011781,37.72155041,62.27844959
California,2012,13038547,7854285,4839958,38.12718884,61.87281116
California,2016,14181595,8753788,4483810,33.87177946,66.12822054
Colorado,1976,1081440,460801,584278,55.90754383,44.09245617
Colorado,1980,1184450,368009,652264,63.93034021,36.06965979
Colorado,1984,1295380,454975,821817,64.36576984,35.63423016
Colorado,1988,1372394,621453,728177,53.95382438,46.04617562
Colorado,1992,1569180,629681,562850,47.19793448,52.80206552
Colorado,1996,1510702,671152,691848,50.75920763,49.24079237
Colorado,2000,1741368,738227,883748,54.48591994,45.51408006
Colorado,2004,2129630,1001732,1101255,52.36622956,47.63377044
Colorado,2008,2401361,1288576,1073589,45.44936531,54.55063469
Colorado,2012,2569516,1323101,1185243,47.25201169,52.74798831
Colorado,2016,2780220,1338870,1202484,47.31666663,52.68333337
Connecticut,1976,1386355,647895,719261,52.61001671,47.38998329
Connecticut,1980,1406285,541732,677210,55.55719632,44.44280368
Connecticut,1984,1466900,569597,890877,60.99916876,39.00083124
Connecticut,1988,1443394,676584,750241,52.58115046,47.41884954
Connecticut,1992,1616156,682318,578313,45.87488329,54.12511671
Connecticut,1996,1392614,735740,483109,39.63649312,60.36350688
Connecticut,2000,1459525,816015,561094,40.74434195,59.25565805
Connecticut,2004,1578769,857488,693826,44.72505244,55.27494756
Connecticut,2008,1646792,997772,629428,38.68166175,61.31833825
Connecticut,2012,1558204,905083,634892,41.22742252,58.77257748
Connecticut,2016,1644920,897572,673215,42.85845248,57.14154752
Delaware,1976,235642,122461,109780,47.26986191,52.73013809
Delaware,1980,235668,105754,111252,51.26678525,48.73321475
Delaware,1984,254572,101656,152190,59.9536727,40.0463273
Delaware,1988,249891,108647,139639,56.2411896,43.7588104
Delaware,1992,289620,126054,102313,44.8020073,55.1979927
Delaware,1996,270810,140355,99062,41.37634337,58.62365663
Delaware,2000,327529,180068,137288,43.25993521,56.74006479
Delaware,2004,375190,200152,171660,46.16849375,53.83150625
Delaware,2008,412412,255459,152374,37.36186135,62.63813865
Delaware,2012,413890,242584,165484,40.55304508,59.44695492
Delaware,2016,441590,235603,185127,44.00137856,55.99862144
District of Columbia,1976,168830,137818,27873,16.82227761,83.17772239
District of Columbia,1980,173889,130231,23313,15.18326994,84.81673006
District of Columbia,1984,211288,180408,29009,13.85226605,86.14773395
District of Columbia,1988,192877,159407,27590,14.75424739,85.24575261
District of Columbia,1992,227572,192619,20698,9.702930381,90.29706962
District of Columbia,1996,185726,158220,17339,9.876451791,90.12354821
District of Columbia,2000,201894,171923,18073,9.512305522,90.48769448
District of Columbia,2004,227586,202970,21256,9.479721353,90.52027865
District of Columbia,2008,265853,245800,17367,6.599231667,93.40076833
District of Columbia,2012,293764,267070,21381,7.412350798,92.5876492
District of Columbia,2016,312575,282830,12723,4.304811658,95.69518834
Florida,1976,3150631,1636000,1469531,47.31979813,52.68020187
Florida,1980,3686927,1419475,2046951,59.05076295,40.94923705
Florida,1984,4180051,1448816,2730350,65.33241321,34.66758679
Florida,1988,4302313,1656701,2618885,61.25207165,38.74792835
Florida,1992,5313392,2071698,2173310,51.19684109,48.80315891
Florida,1996,5303154,2546870,2244536,46.8450388,53.1549612
Florida,2000,5963110,2912253,2912790,50.00460941,49.99539059
Florida,2004,7609810,3583544,3964522,52.52367958,47.47632042
Florida,2008,8390744,4282074,4045624,48.58033997,51.41966003
Florida,2012,8474179,4237756,4163447,49.55774786,50.44225214
Florida,2016,9420039,4504975,4617886,50.61883547,49.38116453
Georgia,1976,1463152,979409,483743,33.06170514,66.93829486
Georgia,1980,1596805,890955,654168,42.33760031,57.66239969
Georgia,1984,1776103,706628,1068722,60.19782015,39.80217985
Georgia,1988,1809672,714792,1081331,60.20361634,39.79638366
Georgia,1992,2321133,1008966,995252,49.65787155,50.34212845
Georgia,1996,2298899,1053849,1080843,50.6322692,49.3677308
Georgia,2000,2583208,1116230,1419720,55.98375362,44.01624638
Georgia,2004,3301875,1366149,1914254,58.3542327,41.6457673
Georgia,2008,3924486,1844123,2048759,52.62833551,47.37166449
Georgia,2012,3897839,1773827,2078688,53.9566491,46.0433509
Georgia,2016,4114732,1877963,2089104,52.6611726,47.3388274
Hawaii,1976,291301,147375,140003,48.71736876,51.28263124
Hawaii,1980,303287,135879,130112,48.91594076,51.08405924
Hawaii,1984,335846,147154,185050,55.70372422,44.29627578
Hawaii,1988,354461,192364,158625,45.19372402,54.80627598
Hawaii,1992,372842,179310,136822,43.28002227,56.71997773
Hawaii,1996,360120,205012,113943,35.72384819,64.27615181
Hawaii,2000,367951,205286,137845,40.17270372,59.82729628
Hawaii,2004,429013,231708,194191,45.595552,54.404448
Hawaii,2008,456064,325871,120566,27.00627412,72.99372588
Hawaii,2012,437159,306658,121015,28.2961515,71.7038485
Hawaii,2016,437664,266891,128847,32.55866255,67.44133745
Idaho,1976,340932,126549,204151,61.73299063,38.26700937
Idaho,1980,437431,110192,290699,72.51322679,27.48677321
Idaho,1984,411144,108510,297523,73.2755712,26.7244288
Idaho,1988,408968,147272,253881,63.28782285,36.71217715
Idaho,1992,482114,137013,202645,59.66148302,40.33851698
Idaho,1996,491711,165443,256595,60.79902758,39.20097242
Idaho,2000,501615,138637,336937,70.84849046,29.15150954
Idaho,2004,598376,181098,409235,69.32273818,30.67726182
Idaho,2008,655122,236440,403012,63.02458981,36.97541019
Idaho,2012,652274,212787,420911,66.42138684,33.57861316
Idaho,2016,690255,189765,409055,68.31017668,31.68982332
Illinois,1976,4721282,2271295,2364269,51.00283374,48.99716626
Illinois,1980,4749721,1981413,2358049,54.33966238,45.66033762
Illinois,1984,4819088,2086499,2707103,56.47325331,43.52674669
Illinois,1988,4559120,2215940,2310939,51.049277,48.950723
Illinois,1992,5050157,2453350,1734096,41.41178179,58.58821821
Illinois,1996,4311391,2341744,1587021,40.39490781,59.60509219
Illinois,2000,4742108,2589026,2019421,43.81998968,56.18001032
Illinois,2004,5274322,2891550,2345946,44.79136595,55.20863405
Illinois,2008,5522371,3419348,2031179,37.26573596,62.73426404
Illinois,2012,5242014,3019512,2135216,41.42247661,58.57752339
Illinois,2016,5536424,3090729,2146015,40.97994861,59.02005139
Indiana,1976,2220362,1014714,1183958,53.84877781,46.15122219
Indiana,1980,2242033,844197,1255656,59.79732867,40.20267133
Indiana,1984,2233069,841481,1377230,62.07342912,37.92657088
Indiana,1988,2168621,860643,1297763,60.12599112,39.87400888
Indiana,1992,2305871,848420,989375,53.83489453,46.16510547
Indiana,1996,2135431,887424,1006693,53.14840636,46.85159364
Indiana,2000,2199302,901980,1245836,58.00478253,41.99521747
Indiana,2004,2468002,969011,1479438,60.42347625,39.57652375
Indiana,2008,2751054,1374039,1345648,49.47804655,50.52195345
Indiana,2012,2624534,1152887,1420543,55.2003746,44.7996254
Indiana,2016,2734958,1033126,1557286,60.11730952,39.88269048
Iowa,1976,1279303,619931,632864,50.51616585,49.48383415
Iowa,1980,1317661,508672,676026,57.06315027,42.93684973
Iowa,1984,1319805,605620,703088,53.72382533,46.27617467
Iowa,1988,1225614,670557,545355,44.85151886,55.14848114
Iowa,1992,1354607,586353,504891,46.26747089,53.73252911
Iowa,1996,1234075,620258,492644,44.26661108,55.73338892
Iowa,2000,1353022,638517,634373,49.83722081,50.16277919
Iowa,2004,1506908,741898,751957,50.33667926,49.66332074
Iowa,2008,1537123,828940,682379,45.15122221,54.84877779
Iowa,2012,1582180,822544,730617,47.04064807,52.95935193
Iowa,2016,1565580,653669,800983,55.06354785,44.93645215
Kansas,1976,957845,430421,502752,53.87554076,46.12445924
Kansas,1980,979795,326150,566812,63.47548944,36.52451056
Kansas,1984,1021991,333149,677296,67.02947711,32.97052289
Kansas,1988,993044,422636,554049,56.7275017,43.2724983
Kansas,1992,1157236,390434,449951,53.54105559,46.45894441
Kansas,1996,1074300,387659,583245,60.07236555,39.92763445
Kansas,2000,1072216,399276,622332,60.91690746,39.08309254
Kansas,2004,1187756,434993,736456,62.86709878,37.13290122
Kansas,2008,1235872,514765,699655,57.61227582,42.38772418
Kansas,2012,1159971,440726,692634,61.11332675,38.88667325
Kansas,2016,1184402,427005,671018,61.11147034,38.88852966
Kentucky,1976,1167142,615717,531852,46.34597135,53.65402865
Kentucky,1980,1295627,617417,635274,50.7127456,49.2872544
Kentucky,1984,1369345,539539,821702,60.36418239,39.63581761
Kentucky,1988,1322517,580368,734281,55.85376781,44.14623219
Kentucky,1992,1492900,665104,617178,48.13122231,51.86877769
Kentucky,1996,1388708,636614,623283,49.47094882,50.52905118
Kentucky,2000,1544106,638923,872520,57.72761527,42.27238473
Kentucky,2004,1795882,712733,1069439,60.00761992,39.99238008
Kentucky,2008,1826620,751985,1048462,58.23342759,41.76657241
Kentucky,2012,1797212,679370,1087190,61.54277239,38.45722761
Kentucky,2016,1924149,628854,1202971,65.67062902,34.32937098
Louisiana,1976,1277383,661365,587446,47.04042485,52.95957515
Louisiana,1980,1548591,708453,792853,52.81088599,47.18911401
Louisiana,1984,1706822,651586,1037299,61.41916116,38.58083884
Louisiana,1988,1628202,717460,883702,55.19129232,44.80870768
Louisiana,1992,1790017,815971,733386,47.33486214,52.66513786
Louisiana,1996,1783959,927837,712586,43.43916173,56.56083827
Louisiana,2000,1765656,792344,927871,53.93924597,46.06075403
Louisiana,2004,1943106,820299,1102169,57.33094127,42.66905873
Louisiana,2008,1960761,782989,1148275,59.45717416,40.54282584
Louisiana,2012,1994065,809141,1152262,58.74682561,41.25317439
Louisiana,2016,2029032,780154,1178638,60.17167724,39.82832276
Maine,1976,482968,232279,236320,50.4311789,49.5688211
Maine,1980,523011,220974,238522,51.90948343,48.09051657
Maine,1984,553144,214515,336500,61.0691179,38.9308821
Maine,1988,555035,243569,307131,55.7710187,44.2289813
Maine,1992,679499,263420,206504,43.94412714,56.05587286
Maine,1996,605897,312788,186378,37.33787958,62.66212042
Maine,2000,651817,319951,286616,47.25215846,52.74784154
Maine,2004,740752,396842,330201,45.41698359,54.58301641
Maine,2008,731163,421923,295273,41.17047502,58.82952498
Maine,2012,724758,401306,292276,42.14007861,57.85992139
Maine,2016,771892,357735,335593,48.40320887,51.59679113
Maryland,1976,1432273,759612,672661,46.96458008,53.03541992
Maryland,1980,1540496,726161,680606,48.38086193,51.61913807
Maryland,1984,1675873,787935,879918,52.75752719,47.24247281
Maryland,1988,1714358,826304,876167,51.46443023,48.53556977
Maryland,1992,1984580,988571,707094,41.70009996,58.29990004
Maryland,1996,1780870,966207,681530,41.36157651,58.63842349
Maryland,2000,2025212,1144008,813827,41.56770106,58.43229894
Maryland,2004,2384238,1334493,1024703,43.43441579,56.56558421
Maryland,2008,2631596,1629467,959862,37.06991271,62.93008729
Maryland,2012,2707327,1677844,971869,36.67827421,63.32172579
Maryland,2016,2781446,1677928,943169,35.98375032,64.01624968
Massachusetts,1976,2547558,1429475,1030276,41.88537783,58.11462217
Massachusetts,1980,2524090,1053802,1057631,50.09067302,49.90932698
Massachusetts,1984,2559383,1239606,1310936,51.39833024,48.60166976
Massachusetts,1988,2632801,1401415,1194635,46.01741107,53.98258893
Massachusetts,1992,2773664,1318639,805039,37.90777133,62.09222867
Massachusetts,1996,2556459,1571509,718058,31.36217459,68.63782541
Massachusetts,2000,2733964,1616487,878502,35.21065624,64.78934376
Massachusetts,2004,2927455,1803800,1071109,37.25714449,62.74285551
Massachusetts,2008,3102995,1904097,1108854,36.80292179,63.19707821
Massachusetts,2012,3184196,1921290,1188314,38.21431925,61.78568075
Massachusetts,2016,3378821,1995196,1090893,35.34872131,64.65127869
Michigan,1976,3651590,1696714,1893742,52.74377405,47.25622595
Michigan,1980,3909725,1661532,1915225,53.5464109,46.4535891
Michigan,1984,3801658,1529638,2251571,59.546325,40.453675
Michigan,1988,3669163,1675783,1965486,53.97804996,46.02195004
Michigan,1992,4274673,1871182,1554940,45.38484035,54.61515965
Michigan,1996,3848844,1989653,1481212,42.67558663,57.32441337
Michigan,2000,4232501,2170418,1953139,47.36539352,52.63460648
Michigan,2004,4839252,2479183,2313746,48.27415553,51.72584447
Michigan,2008,5001596,2872579,2048639,41.62869842,58.37130158
Michigan,2012,4730961,2564569,2115256,45.19946793,54.80053207
Michigan,2016,4799284,2268839,2279543,50.11766822,49.88233178
Minnesota,1976,1949931,1070440,819395,43.35801803,56.64198197
Minnesota,1980,2051916,954173,873268,47.78638544,52.21361456
Minnesota,1984,2084449,1036364,1032603,49.90910923,50.09089077
Minnesota,1988,2096790,1109471,962337,46.44914007,53.55085993
Minnesota,1992,2347948,1020997,747841,42.27865978,57.72134022
Minnesota,1996,2192492,1120380,766395,40.61931073,59.38068927
Minnesota,2000,2438685,1168266,1109659,48.71358802,51.28641198
Minnesota,2004,2828387,1445014,1346695,48.23908939,51.76091061
Minnesota,2008,2910369,1573354,1275409,44.770625,55.229375
Minnesota,2012,2936561,1546167,1320225,46.05877354,53.94122646
Minnesota,2016,2944782,1367705,1322949,49.16830629,50.83169371
Mississippi,1976,768390,381329,366846,49.03211147,50.96788853
Mississippi,1980,891750,429281,441089,50.6783322,49.3216678
Mississippi,1984,941104,352192,582377,62.31503506,37.68496494
Mississippi,1988,931527,363921,557890,60.52108296,39.47891704
Mississippi,1992,981793,400258,487793,54.92848947,45.07151053
Mississippi,1996,893857,394022,439838,52.74722375,47.25277625
Mississippi,2000,994184,404614,572844,58.60548484,41.39451516
Mississippi,2004,1139824,457766,672660,59.50500077,40.49499923
Mississippi,2008,1289865,554662,724597,56.64193099,43.35806901
Mississippi,2012,1285584,562949,710746,55.8018992,44.1981008
Mississippi,2016,1209357,485131,700714,59.08984732,40.91015268
Missouri,1976,1953600,998387,927443,48.15809287,51.84190713
Missouri,1980,2099824,931182,1074181,53.56541434,46.43458566
Missouri,1984,2122771,848583,1274188,60.02475067,39.97524933
Missouri,1988,2093228,1001619,1084953,51.99691168,48.00308832
Missouri,1992,2391270,1053873,811159,43.4930339,56.5069661
Missouri,1996,2158065,1025935,890016,46.45296252,53.54703748
Missouri,2000,2359892,1111138,1189924,51.71194866,48.28805134
Missouri,2004,2731364,1259171,1455713,53.61971267,46.38028733
Missouri,2008,2925205,1441911,1445814,50.06757915,49.93242085
Missouri,2012,2757323,1223796,1482440,54.77866675,45.22133325
Missouri,2016,2808605,1071068,1594511,59.818561,40.181439
Montana,1976,328734,149259,173703,53.78434615,46.21565385
Montana,1980,363952,118032,206814,63.66524445,36.33475555
Montana,1984,384377,146742,232450,61.30139876,38.69860124
Montana,1988,365674,168936,190412,52.98818972,47.01181028
Montana,1992,410583,154507,144207,48.27594288,51.72405712
Montana,1996,407083,167922,179652,51.68741045,48.31258955
Montana,2000,410986,137126,240178,63.65636198,36.34363802
Montana,2004,450434,173710,266063,60.50007618,39.49992382
Montana,2008,490109,231667,242763,51.16940328,48.83059672
Montana,2012,484048,201839,267928,57.03423186,42.96576814
Montana,2016,494526,177709,279240,61.10966432,38.89033568
Nebraska,1976,606749,233293,359219,60.62645145,39.37354855
Nebraska,1980,639533,166424,419214,71.58244513,28.41755487
Nebraska,1984,652090,187866,460054,71.00475367,28.99524633
Nebraska,1988,661465,259235,397956,60.55408549,39.44591451
Nebraska,1992,737546,216864,343678,61.31173043,38.68826957
Nebraska,1996,677415,236761,363467,60.5548225,39.4451775
Nebraska,2000,697019,231780,433862,65.17948086,34.82051914
Nebraska,2004,778186,254328,512814,66.84733726,33.15266274
Nebraska,2008,801281,333319,452979,57.60907442,42.39092558
Nebraska,2012,794379,302081,475064,61.12939027,38.87060973
Nebraska,2016,844227,284494,495961,63.54767411,36.45232589
Nevada,1976,201876,92479,101273,52.26939593,47.73060407
Nevada,1980,243692,66666,155017,69.92732866,30.07267134
Nevada,1984,282717,91655,188770,67.31568155,32.68431845
Nevada,1988,343133,132738,206040,60.81858916,39.18141084
Nevada,1992,506318,189148,175828,48.17522248,51.82477752
Nevada,1996,464279,203974,199244,49.41346864,50.58653136
Nevada,2000,609426,279978,301575,51.8568385,48.1431615
Nevada,2004,829587,397190,418690,51.31759572,48.68240428
Nevada,2008,967848,533736,412827,43.61326187,56.38673813
Nevada,2012,1014918,531373,463567,46.59245784,53.40754216
Nevada,2016,1125385,539260,512058,48.70629058,51.29370942
New Hampshire,1976,339627,147645,185935,55.73925295,44.26074705
New Hampshire,1980,383990,108864,221705,67.06769237,32.93230763
New Hampshire,1984,388904,120347,267050,68.93445225,31.06554775
New Hampshire,1988,450525,163696,281537,63.23363273,36.76636727
New Hampshire,1992,537215,209040,202484,49.20344864,50.79655136
New Hampshire,1996,496597,246166,196486,44.38836829,55.61163171
New Hampshire,2000,569081,266348,273559,50.6678002,49.3321998
New Hampshire,2004,678287,340511,331237,49.30971138,50.69028862
New Hampshire,2008,710970,384826,316534,45.13145888,54.86854112
New Hampshire,2012,710972,369561,329918,47.16624802,52.83375198
New Hampshire,2016,744296,348526,345790,49.80297156,50.19702844
New Jersey,1976,3014472,1444653,1509688,51.10066847,48.89933153
New Jersey,1980,2975684,1147364,1546557,57.40914451,42.59085549
New Jersey,1984,3217862,1261323,1933630,60.52139108,39.47860892
New Jersey,1988,3099553,1320352,1743192,56.90115761,43.09884239
New Jersey,1992,3343594,1436206,1356865,48.57968165,51.42031835
New Jersey,1996,3075860,1652361,1103099,40.0332068,59.9667932
New Jersey,2000,3187226,1788850,1284173,41.78859058,58.21140942
New Jersey,2004,3611691,1911430,1670003,46.62946368,53.37053632
New Jersey,2008,3868237,2215422,1613207,42.13537013,57.86462987
New Jersey,2012,3638499,2122786,1478088,41.04803445,58.95196555
New Jersey,2016,3874046,2148278,1601933,42.71580986,57.28419014
New Mexico,1976,416590,201148,211419,51.24476752,48.75523248
New Mexico,1980,456237,167826,250779,59.90826674,40.09173326
New Mexico,1984,514370,201769,307101,60.34959813,39.65040187
New Mexico,1988,521387,244497,270341,52.50991574,47.49008426
New Mexico,1992,569986,261617,212824,44.85784323,55.14215677
New Mexico,1996,556074,273495,232751,45.97586944,54.02413056
New Mexico,2000,598605,286783,286417,49.96807397,50.03192603
New Mexico,2004,756304,370942,376930,50.40033589,49.59966411
New Mexico,2008,830158,472422,346832,42.33509998,57.66490002
New Mexico,2012,783758,415335,335788,44.70479535,55.29520465
New Mexico,2016,798319,385234,319667,45.34920507,54.65079493
New York,1976,6668262,3244165,2825913,46.55480539,53.44519461
New York,1980,6201959,2728372,2637700,49.1551362,50.8448638
New York,1984,6806810,3001285,3376519,52.94171787,47.05828213
New York,1988,6485683,3255487,2838414,46.57794736,53.42205264
New York,1992,7079432,3346894,2041690,37.8891746,62.1108254
New York,1996,6439129,3649630,1738707,32.26797062,67.73202938
New York,2000,6960215,3942215,2258577,36.42400842,63.57599158
New York,2004,7448266,4180755,2806993,40.17020934,59.82979066
New York,2008,7722019,4645332,2418323,34.23614262,65.76385738
New York,2012,7116784,4324228,2223397,33.95730513,66.04269487
New York,2016,7802084,4379789,2527142,36.5884935,63.4115065
North Carolina,1976,1677906,927365,741960,44.4467075,55.5532925
North Carolina,1980,1855833,875635,915018,51.09968263,48.90031737
North Carolina,1984,2175361,824287,1346481,62.02786295,37.97213705
North Carolina,1988,2134370,890167,1237258,58.15753787,41.84246213
North Carolina,1992,2611850,1114042,1134661,50.45846428,49.54153572
North Carolina,1996,2515807,1107849,1225938,52.52998667,47.47001333
North Carolina,2000,2914990,1257692,1631163,56.46399698,43.53600302
North Carolina,2004,3501007,1525849,1961166,56.241972,43.758028
North Carolina,2008,4310851,2142651,2128474,49.8340367,50.1659633
North Carolina,2012,4505372,2178391,2270395,51.0340349,48.9659651
North Carolina,2016,4741564,2189316,2362631,51.9037458,48.0962542
North Dakota,1976,297308,136078,153684,53.03801051,46.96198949
North Dakota,1980,301116,79189,193695,70.98070975,29.01929025
North Dakota,1984,308971,104429,200336,65.73458238,34.26541762
North Dakota,1988,297261,127739,166559,56.59535573,43.40464427
North Dakota,1992,308133,99168,136244,57.87470477,42.12529523
North Dakota,1996,266411,106905,125050,53.91131901,46.08868099
North Dakota,2000,288256,95284,174852,64.72739657,35.27260343
North Dakota,2004,312833,111052,196651,63.90935415,36.09064585
North Dakota,2008,316621,141278,168601,54.40865628,45.59134372
North Dakota,2012,322932,124966,188320,60.11120829,39.88879171
North Dakota,2016,344360,93758,216794,69.8092429,30.1907571
Ohio,1976,4110456,2009959,2000626,49.8836454,50.1163546
Ohio,1980,4283603,1752414,2206545,55.73548501,44.26451499
Ohio,1984,4563235,1825440,2678559,59.47068372,40.52931628
Ohio,1988,4393585,1939629,2416549,55.47406465,44.52593535
Ohio,1992,4939967,1984942,1894310,48.83183665,51.16816335
Ohio,1996,4534434,2148222,1859883,46.40305082,53.59694918
Ohio,2000,4701998,2183628,2350363,51.83872222,48.16127778
Ohio,2004,5627903,2741165,2859764,51.058744,48.941256
Ohio,2008,5708350,2940044,2677820,47.66615924,52.33384076
Ohio,2012,5580822,2827621,2661407,48.48594323,51.51405677
Ohio,2016,5496487,2394164,2841005,54.26768458,45.73231542
Oklahoma,1976,1092251,532442,545708,50.61522052,49.38477948
Oklahoma,1980,1149708,402026,695570,63.37213328,36.62786672
Oklahoma,1984,1255676,385080,861530,69.10982585,30.89017415
Oklahoma,1988,1171036,483423,678367,58.38981227,41.61018773
Oklahoma,1992,1390359,473066,592929,55.6221183,44.3778817
Oklahoma,1996,1206713,488105,582315,54.40060911,45.59939089
Oklahoma,2000,1234229,474276,744337,61.08067122,38.91932878
Oklahoma,2004,1463758,503966,959792,65.57040166,34.42959834
Oklahoma,2008,1462661,502496,960165,65.64508112,34.35491888
Oklahoma,2012,1334872,443547,891325,66.77231974,33.22768026
Oklahoma,2016,1452992,420375,949136,69.30473724,30.69526276
Oregon,1976,1029876,490407,492120,50.08717318,49.91282682
Oregon,1980,1181516,456890,571044,55.55259384,44.44740616
Oregon,1984,1226527,536479,685700,56.10471134,43.89528866
Oregon,1988,1201694,616206,560126,47.6163192,52.3836808
Oregon,1992,1462643,621314,475757,43.36610848,56.63389152
Oregon,1996,1377760,649641,538152,45.30688428,54.69311572
Oregon,2000,1533950,720342,713577,49.76410801,50.23589199
Oregon,2004,1836782,943163,866831,47.89137423,52.10862577
Oregon,2008,1827864,1037291,738475,41.58627882,58.41372118
Oregon,2012,1789270,970488,754175,43.72883282,56.27116718
Oregon,2016,2001336,1002106,782403,43.84416105,56.15583895
Pennsylvania,1976,4620787,2328677,2205604,48.64286091,51.35713909
Pennsylvania,1980,4561501,1937540,2261872,53.86163587,46.13836413
Pennsylvania,1984,4844903,2228131,2584323,53.70073148,46.29926852
Pennsylvania,1988,4536251,2194944,2300087,51.169547,48.830453
Pennsylvania,1992,4959810,2239164,1791841,44.45147054,55.54852946
Pennsylvania,1996,4501307,2215819,1801169,44.83879464,55.16120536
Pennsylvania,2000,4912185,2485967,2281127,47.85152128,52.14847872
Pennsylvania,2004,5769590,2938095,2793847,48.7417179,51.2582821
Pennsylvania,2008,6013272,3276363,2655885,44.77029618,55.22970382
Pennsylvania,2012,5742040,2990274,2680434,47.268066,52.731934
Pennsylvania,2016,6115402,2926441,2970733,50.37553581,49.62446419
Rhode Island,1976,410584,227636,181249,44.32762268,55.67237732
Rhode Island,1980,415967,198342,154793,43.83394453,56.16605547
Rhode Island,1984,410489,197106,212080,51.82973024,48.17026976
Rhode Island,1988,404622,225123,177761,44.12212945,55.87787055
Rhode Island,1992,453365,213299,131601,38.15627718,61.84372282
Rhode Island,1996,390247,233050,104683,30.99578661,69.00421339
Rhode Island,2000,409112,249508,130555,34.35088393,65.64911607
Rhode Island,2004,437134,259760,169046,39.42248942,60.57751058
Rhode Island,2008,471766,296571,165391,35.80186249,64.19813751
Rhode Island,2012,446049,279677,157204,35.98325402,64.01674598
Rhode Island,2016,464144,252525,180543,41.68929591,58.31070409
South Carolina,1976,802583,450807,346149,43.43389096,56.56610904
South Carolina,1980,888258,428220,439277,50.63729327,49.36270673
South Carolina,1984,968529,344459,615539,64.11877941,35.88122059
South Carolina,1988,986009,370554,606443,62.07214556,37.92785444
South Carolina,1992,1228912,525514,577507,52.35684543,47.64315457
South Carolina,1996,1150182,506152,573339,53.11197592,46.88802408
South Carolina,2000,1383902,566037,786892,58.16210607,41.83789393
South Carolina,2004,1617700,661669,937974,58.63645826,41.36354174
South Carolina,2008,1920969,862449,1034896,54.54442919,45.45557081
South Carolina,2012,1964118,865941,1071645,55.3082547,44.6917453
South Carolina,2016,2103027,855373,1155389,57.46025636,42.53974364
South Dakota,1976,300678,147068,151505,50.74303437,49.25696563
South Dakota,1980,327703,103855,198343,65.63345886,34.36654114
South Dakota,1984,317867,116113,200267,63.29951324,36.70048676
South Dakota,1988,312991,145560,165415,53.19237881,46.80762119
South Dakota,1992,336254,124888,136718,52.26103377,47.73896623
South Dakota,1996,323826,139333,150543,51.9335854,48.0664146
South Dakota,2000,316269,118804,190700,61.61471257,38.38528743
South Dakota,2004,388215,149244,232584,60.9132908,39.0867092
South Dakota,2008,381975,170924,203054,54.29570723,45.70429277
South Dakota,2012,363815,145039,210610,59.21849914,40.78150086
South Dakota,2016,370093,117458,227721,65.97185808,34.02814192
Tennessee,1976,1476346,825879,633969,43.42705542,56.57294458
Tennessee,1980,1617616,783051,787761,50.14992246,49.85007754
Tennessee,1984,1711993,711714,990212,58.18184809,41.81815191
Tennessee,1988,1636250,679794,947233,58.2186405,41.7813595
Tennessee,1992,1982638,933521,841300,47.40196335,52.59803665
Tennessee,1996,1894105,909146,863530,48.71335766,51.28664234
Tennessee,2000,2076181,981720,1061949,51.96286679,48.03713321
Tennessee,2004,2437319,1036477,1384375,57.18544545,42.81455455
Tennessee,2008,2599749,1087437,1479178,57.6314718,42.3685282
Tennessee,2012,2458577,960709,1462330,60.35107153,39.64892847
Tennessee,2016,2508027,870695,1522925,63.62434305,36.37565695
Texas,1976,4071884,2082319,1953300,48.40149677,51.59850323
Texas,1980,4541636,1881147,2510705,57.16734079,42.83265921
Texas,1984,5397571,1949276,3433428,63.78630517,36.21369483
Texas,1988,5427410,2352748,3036829,56.34633293,43.65366707
Texas,1992,6154018,2281815,2496071,52.24216317,47.75783683
Texas,1996,5611644,2459683,2736167,52.66062338,47.33937662
Texas,2000,6407637,2433746,3799639,60.95627015,39.04372985
Texas,2004,7410749,2832704,4526917,61.5101919,38.4898081
Texas,2008,8077795,3528633,4479328,55.93593675,44.06406325
Texas,2012,7993851,3308124,4569843,58.00789722,41.99210278
Texas,2016,8969226,3877868,4685047,54.71322558,45.28677442
Utah,1976,541218,182110,337908,64.98005838,35.01994162
Utah,1980,604152,124266,439687,77.96518504,22.03481496
Utah,1984,629656,155369,469105,75.12002101,24.87997899
Utah,1988,647008,207343,428442,67.38787483,32.61212517
Utah,1992,743998,183429,322632,63.75357911,36.24642089
Utah,1996,665629,221633,361911,62.01948782,37.98051218
Utah,2000,770754,203053,515096,71.72550543,28.27449457
Utah,2004,927844,241199,663742,73.34643916,26.65356084
Utah,2008,952370,327670,596030,64.52636137,35.47363863
Utah,2012,1017440,251813,740600,74.6261889,25.3738111
Utah,2016,1131317,310674,515211,62.38289835,37.61710165
Vermont,1976,183902,77798,100387,56.33863681,43.66136319
Vermont,1980,213299,81952,94628,53.58930796,46.41069204
Vermont,1984,234561,95730,135865,58.66491073,41.33508927
Vermont,1988,243328,115775,124331,51.78171308,48.21828692
Vermont,1992,289701,133592,88122,39.74579864,60.25420136
Vermont,1996,258449,137894,80352,36.81716962,63.18283038
Vermont,2000,294308,149022,119775,44.5596491,55.4403509
Vermont,2004,312309,184067,121180,39.69899786,60.30100214
Vermont,2008,325046,219262,98974,31.10081826,68.89918174
Vermont,2012,299290,199239,92698,31.75274117,68.24725883
Vermont,2016,320467,178573,95369,34.81357368,65.18642632
Virginia,1976,1697094,813896,836554,50.68641886,49.31358114
Virginia,1980,1866032,752174,989609,56.81586053,43.18413947
Virginia,1984,2146635,796250,1337078,62.67568794,37.32431206
Virginia,1988,2191609,859799,1309162,60.35894606,39.64105394
Virginia,1992,2559129,1038650,1150517,52.55501293,47.44498707
Virginia,1996,2416642,1091060,1138350,51.06059451,48.93940549
Virginia,2000,2739447,1217290,1437490,54.14723631,45.85276369
Virginia,2004,3195415,1454742,1716959,54.13369671,45.86630329
Virginia,2008,3723260,1959532,1725005,46.81741559,53.18258441
Virginia,2012,3854489,1971820,1822522,48.03262331,51.96737669
Virginia,2016,3982752,1981473,1769443,47.17362372,52.82637628
Washington,1976,1555534,717323,777732,52.02029357,47.97970643
Washington,1980,1742394,650193,865244,57.09534609,42.90465391
Washington,1984,1874910,798352,1051670,56.84635102,43.15364898
Washington,1988,1865253,933516,903835,49.19228825,50.80771175
Washington,1992,2287565,993037,731234,42.40829893,57.59170107
Washington,1996,2253837,1123323,840712,42.80534716,57.19465284
Washington,2000,2487433,1247652,1108864,47.05522899,52.94477101
Washington,2004,2859084,1510201,1304894,46.35346232,53.64653768
Washington,2008,3036878,1750848,1229216,41.2479732,58.7520268
Washington,2012,3125516,1755396,1290670,42.37170173,57.62829827
Washington,2016,3317019,1742718,1221747,41.2130688,58.7869312
West Virginia,1976,750590,435864,314726,41.93048135,58.06951865
West Virginia,1980,737715,367462,334206,47.63021828,52.36978172
West Virginia,1984,735742,328125,405483,55.27243432,44.72756568
West Virginia,1988,653311,341016,310065,47.6231068,52.3768932
West Virginia,1992,683677,331001,241974,42.23116192,57.76883808
West Virginia,1996,636459,327812,233946,41.64533482,58.35466518
West Virginia,2000,648124,295497,336475,53.24207402,46.75792598
West Virginia,2004,755792,326541,423778,56.47971063,43.52028937
West Virginia,2008,713451,303857,397466,56.67374377,43.32625623
West Virginia,2012,670438,238269,417655,63.67429763,36.32570237
West Virginia,2016,713051,188794,489371,72.16105225,27.83894775
Wisconsin,1976,2101336,1040232,1004987,49.13835633,50.86164367
Wisconsin,1980,2273221,981584,1088845,52.59030858,47.40969142
Wisconsin,1984,2211689,995740,1198584,54.62201571,45.37798429
Wisconsin,1988,2191608,1126794,1047499,48.17653371,51.82346629
Wisconsin,1992,2531064,1041066,930855,47.2054915,52.7945085
Wisconsin,1996,2196169,1071971,845029,44.08080334,55.91919666
Wisconsin,2000,2598607,1242987,1237279,49.8849317,50.1150683
Wisconsin,2004,2997007,1489504,1478120,49.80819673,50.19180327
Wisconsin,2008,2983417,1677211,1262393,42.94432175,57.05567825
Wisconsin,2012,3071434,1620985,1410966,46.53657002,53.46342998
Wisconsin,2016,2976150,1382536,1405284,50.40798904,49.59201096
Wyoming,1976,156343,62239,92717,59.83440461,40.16559539
Wyoming,1980,176713,49427,110700,69.13262598,30.86737402
Wyoming,1984,188968,53370,133241,71.40039976,28.59960024
Wyoming,1988,176551,67113,106867,61.42487642,38.57512358
Wyoming,1992,199884,68160,79347,53.79202343,46.20797657
Wyoming,1996,211571,77934,105388,57.48791743,42.51208257
Wyoming,2000,213726,60481,147947,70.98230564,29.01769436
Wyoming,2004,243861,70776,167629,70.31270317,29.68729683
Wyoming,2008,254904,82868,164958,66.56202336,33.43797664
Wyoming,2012,250701,69286,170962,71.16063401,28.83936599
Wyoming,2016,258788,55973,174419,75.70531963,24.29468037
Alabama,1948,214980,NA,40930,NA,NA
Arizona,1948,177065,95251,77597,44.89320096,55.10679904
Arkansas,1948,242475,149659,50959,25.40101088,74.59898912
California,1948,4021538,1913134,1895269,49.76545287,50.23454713
Colorado,1948,515237,267288,239714,47.28068134,52.71931866
Connecticut,1948,883518,423297,437754,50.83949731,49.16050269
Delaware,1948,139073,67813,69588,50.64591961,49.35408039
Florida,1948,577643,281988,194280,40.79215904,59.20784096
Georgia,1948,418844,254646,76691,23.14592092,76.85407908
Idaho,1948,214816,107370,101514,48.59826507,51.40173493
Illinois,1948,3984046,1994715,1961103,49.5751574,50.4248426
Indiana,1948,1656212,807831,821079,50.4066523,49.5933477
Iowa,1948,1038264,522380,494018,48.60477884,51.39522116
Kansas,1948,788819,351902,423039,54.58983329,45.41016671
Kentucky,1948,822658,466756,341210,42.23073743,57.76926257
Louisiana,1948,416336,136344,72657,34.7639485,65.2360515
Maine,1948,264787,111916,150234,57.30841121,42.69158879
Maryland,1948,596748,286521,294814,50.71327204,49.28672796
Massachusetts,1948,2107146,1151788,909370,44.11937367,55.88062633
Michigan,1948,2109609,1003448,1038595,50.86058423,49.13941577
Minnesota,1948,1212226,692966,483617,41.10351756,58.89648244
Mississippi,1948,192190,19384,5043,20.6451877,79.3548123
Missouri,1948,1578628,917315,655039,41.65976618,58.34023382
Montana,1948,224278,119071,96770,44.83392868,55.16607132
Nebraska,1948,488940,224165,264774,54.15276752,45.84723248
Nevada,1948,62117,31291,29357,48.40555336,51.59444664
New Hampshire,1948,231440,107995,121299,52.90107896,47.09892104
New Jersey,1948,1949555,895455,981124,52.28258443,47.71741557
New Mexico,1948,187063,105464,80303,43.22780688,56.77219312
New York,1948,6177337,2780204,2841163,50.54220797,49.45779203
North Carolina,1948,791209,459070,258572,36.03077858,63.96922142
North Dakota,1948,220716,95812,115139,54.58092164,45.41907836
Ohio,1948,2936071,1452791,1445684,49.87740105,50.12259895
Oklahoma,1948,721599,452782,268817,37.25296183,62.74703817
Oregon,1948,524080,243147,260904,51.7614289,48.2385711
Pennsylvania,1948,3735348,1752426,1902197,52.04906224,47.95093776
Rhode Island,1948,327702,188736,135787,41.84202661,58.15797339
South Carolina,1948,142571,34423,5386,13.52960386,86.47039614
South Dakota,1948,250105,117653,129651,52.42575939,47.57424061
Tennessee,1948,550283,270402,202914,42.87072484,57.12927516
Texas,1948,1147245,750700,282240,27.32394912,72.67605088
Utah,1948,276306,149151,124402,45.47637935,54.52362065
Vermont,1948,123382,45557,75926,62.49927973,37.50072027
Virginia,1948,419256,200786,172070,46.1491836,53.8508164
Washington,1948,905058,476165,386314,44.79111955,55.20888045
West Virginia,1948,748750,429188,316251,42.42479935,57.57520065
Wisconsin,1948,1276800,647310,590959,47.72460588,52.27539412
Wyoming,1948,101425,52354,47947,47.80311263,52.19688737
Alabama,1952,426120,275075,149231,35.170608,64.829392
Arizona,1952,260570,108528,152042,58.34977165,41.65022835
Arkansas,1952,404800,226300,177155,43.90948185,56.09051815
California,1952,5141849,2197548,2897310,56.86733565,43.13266435
Colorado,1952,630103,245504,379782,60.7373266,39.2626734
Connecticut,1952,1096911,481649,611012,55.91963107,44.08036893
Delaware,1952,174025,83315,90059,51.94492831,48.05507169
Florida,1952,989337,444950,544036,55.00947435,44.99052565
Georgia,1952,655785,456823,198961,30.33941054,69.66058946
Idaho,1952,276254,95081,180707,65.52388066,34.47611934
Illinois,1952,4481058,2013920,2457327,54.95842659,45.04157341
Indiana,1952,1955049,801530,1136259,58.63687945,41.36312055
Iowa,1952,1268773,451513,808906,64.17754731,35.82245269
Kansas,1952,896166,273296,616302,69.27870791,30.72129209
Kentucky,1952,993148,495729,495029,49.96467351,50.03532649
Louisiana,1952,651952,345027,306925,47.07785236,52.92214764
Maine,1952,351786,118806,232353,66.1674626,33.8325374
Maryland,1952,902074,395337,499424,55.81646943,44.18353057
Massachusetts,1952,2383398,1083525,1292325,54.39421681,45.60578319
Michigan,1952,2798592,1230657,1551529,55.76654472,44.23345528
Minnesota,1952,1379483,608458,763211,55.64104751,44.35895249
Mississippi,1952,285532,172566,112966,39.56334141,60.43665859
Missouri,1952,1892062,929830,959429,50.78334945,49.21665055
Montana,1952,265037,106213,157394,59.70782263,40.29217737
Nebraska,1952,609660,188057,421603,69.15379064,30.84620936
Nevada,1952,82190,31688,50502,61.44543132,38.55456868
New Hampshire,1952,272950,106663,166287,60.92214691,39.07785309
New Jersey,1952,2418554,1015902,1373613,57.48501265,42.51498735
New Mexico,1952,238608,105661,132170,55.573075,44.426925
New York,1952,7128239,3104601,3952813,56.0093683,43.9906317
North Carolina,1952,1210910,652803,558107,46.08988282,53.91011718
North Dakota,1952,270127,76694,191712,71.42612311,28.57387689
Ohio,1952,3700758,1600367,2100391,56.75569708,43.24430292
Oklahoma,1952,948984,430939,518045,54.5894346,45.4105654
Oregon,1952,695059,270579,420815,60.86471679,39.13528321
Pennsylvania,1952,4580969,2146269,2415789,52.95393,47.04607
Rhode Island,1952,414498,203293,210935,50.92243885,49.07756115
South Carolina,1952,341087,173004,9793,5.357308927,94.64269107
South Dakota,1952,294283,90426,203857,69.27243504,30.72756496
Tennessee,1952,892553,443710,446147,50.13693211,49.86306789
Texas,1952,2075946,969228,1102878,53.2249798,46.7750202
Utah,1952,329554,135364,194190,58.9250927,41.0749073
Vermont,1952,153557,43355,109717,71.67672729,28.32327271
Virginia,1952,619689,268677,349037,56.50462836,43.49537164
Washington,1952,1102708,492845,599107,54.86569007,45.13430993
West Virginia,1952,873548,453578,419970,48.0763507,51.9236493
Wisconsin,1952,1607370,622175,979744,61.16064545,38.83935455
Wyoming,1952,129253,47934,81049,62.83696301,37.16303699
Alabama,1956,496861,280844,195694,41.0657702,58.9342298
Arizona,1956,290173,112880,176990,61.05840549,38.94159451
Arkansas,1956,406572,213277,186287,46.6225686,53.3774314
California,1956,5466355,2420135,3027668,55.57594502,44.42405498
Colorado,1956,657074,257997,394479,60.4587755,39.5412245
Connecticut,1956,1117121,405079,711837,63.73236662,36.26763338
Delaware,1956,177988,79421,98057,55.2502282,44.7497718
Florida,1956,1125762,480371,643849,57.27072993,42.72927007
Georgia,1956,669655,444688,222778,33.37668136,66.62331864
Idaho,1956,272989,105868,166979,61.19876707,38.80123293
Illinois,1956,4407407,1775682,2623327,59.6344995,40.3655005
Indiana,1956,1974607,783908,1182811,60.14133183,39.85866817
Iowa,1956,1234564,501858,729187,59.23317182,40.76682818
Kansas,1956,866243,296317,566878,65.67206715,34.32793285
Kentucky,1956,1053805,476453,572192,54.56489088,45.43510912
Louisiana,1956,617544,243977,329047,57.42290026,42.57709974
Maine,1956,351706,102468,249238,70.86543875,29.13456125
Maryland,1956,932827,372613,559738,60.03511553,39.96488447
Massachusetts,1956,2348506,948190,1393197,59.50306378,40.49693622
Michigan,1956,3080468,1359898,1713647,55.75473923,44.24526077
Minnesota,1956,1340005,617525,719302,53.80666309,46.19333691
Mississippi,1956,248104,144453,60685,29.58252493,70.41747507
Missouri,1956,1832562,918273,914289,49.89129972,50.10870028
Montana,1956,271171,116238,154933,57.13479686,42.86520314
Nebraska,1956,577137,199029,378108,65.51442725,34.48557275
Nevada,1956,96689,40640,56049,57.96833145,42.03166855
New Hampshire,1956,266994,90364,176519,66.14096814,33.85903186
New Jersey,1956,2484312,850337,1606942,65.39517898,34.60482102
New Mexico,1956,253926,106098,146788,58.04512705,41.95487295
New York,1956,7095971,2747944,4345506,61.26082513,38.73917487
North Carolina,1956,1165592,590530,575062,49.33647451,50.66352549
North Dakota,1956,253991,96742,156766,61.83867965,38.16132035
Ohio,1956,3702265,1439655,2262610,61.11420981,38.88579019
Oklahoma,1956,859350,385581,473769,55.13108745,44.86891255
Oregon,1956,736132,329204,406393,55.24669078,44.75330922
Pennsylvania,1956,4576503,1981769,2585252,56.60696546,43.39303454
Rhode Island,1956,387609,161790,225819,58.25948314,41.74051686
South Carolina,1956,300583,136372,75700,35.6954242,64.3045758
South Dakota,1956,293857,122288,171569,58.38520097,41.61479903
Tennessee,1956,939404,456507,462288,50.31459684,49.68540316
Texas,1956,1955168,859958,1080619,55.68544819,44.31455181
Utah,1956,333995,118364,215631,64.56114612,35.43885388
Vermont,1956,152978,42549,110390,72.17910409,27.82089591
Virginia,1956,697978,267760,386459,59.07180929,40.92819071
Washington,1956,1150889,523002,620430,54.26033205,45.73966795
West Virginia,1956,830831,381534,449297,54.07802549,45.92197451
Wisconsin,1956,1550558,586768,954844,61.93802332,38.06197668
Wyoming,1956,124127,49554,74573,60.07798464,39.92201536
Alabama,1960,570225,324050,237981,42.34303802,57.65696198
Alaska,1960,60762,29809,30953,50.94137783,49.05862217
Arizona,1960,398491,176781,221241,55.58511841,44.41488159
Arkansas,1960,428509,215049,184508,46.17814229,53.82185771
California,1960,6506578,3224099,3259722,50.27470684,49.72529316
Colorado,1960,736236,330629,402242,54.88578481,45.11421519
Connecticut,1960,1222883,657055,565813,46.26934387,53.73065613
Delaware,1960,196683,99590,96373,49.17918178,50.82081822
Florida,1960,1544176,748700,795476,51.51459419,48.48540581
Georgia,1960,733349,458638,274472,37.439402,62.560598
Hawaii,1960,184705,92410,92295,49.96886928,50.03113072
Idaho,1960,300450,138853,161597,53.78498918,46.21501082
Illinois,1960,4757409,2377846,2368988,49.9066957,50.0933043
Indiana,1960,2135360,952358,1175120,55.23535379,44.76464621
Iowa,1960,1273810,550565,722381,56.74875446,43.25124554
Kansas,1960,928825,363213,561474,60.72043838,39.27956162
Kentucky,1960,1124462,521855,602607,53.59069493,46.40930507
Louisiana,1960,807891,407339,230980,36.18566892,63.81433108
Maine,1960,421767,181159,240608,57.0476116,42.9523884
Maryland,1960,1055349,565808,489538,46.38649315,53.61350685
Massachusetts,1960,2469480,1487174,976750,39.64205065,60.35794935
Michigan,1960,3318097,1687269,1620428,48.98961422,51.01038578
Minnesota,1960,1541887,779933,757915,49.28412951,50.71587049
Mississippi,1960,298171,108362,73561,40.43523908,59.56476092
Missouri,1960,1934422,972201,962221,49.74204181,50.25795819
Montana,1960,277579,134891,141841,51.25572756,48.74427244
Nebraska,1960,613095,232542,380553,62.07080469,37.92919531
Nevada,1960,107267,54880,52387,48.83794643,51.16205357
New Hampshire,1960,295761,137772,157989,53.41779342,46.58220658
New Jersey,1960,2773111,1385415,1363324,49.59816119,50.40183881
New Mexico,1960,311107,156027,153733,49.62971333,50.37028667
New York,1960,7291079,3830085,3446419,47.3636653,52.6363347
North Carolina,1960,1368556,713136,655420,47.8913541,52.1086459
North Dakota,1960,278431,123963,154310,55.45273886,44.54726114
Ohio,1960,4161859,1944248,2217611,53.28414538,46.71585462
Oklahoma,1960,903150,370111,533039,59.01998561,40.98001439
Oregon,1960,776421,367402,408060,52.621534,47.378466
Pennsylvania,1960,5006541,2556282,2439956,48.8358641,51.1641359
Rhode Island,1960,405535,258032,147502,36.37228938,63.62771062
South Carolina,1960,386688,198129,188558,48.76243577,51.23756423
South Dakota,1960,306487,128070,178417,58.21356208,41.78643792
Tennessee,1960,1051792,481453,556577,53.6185852,46.3814148
Texas,1960,2311084,1167567,1121310,48.9895263,51.0104737
Utah,1960,374709,169248,205361,54.82009242,45.17990758
Vermont,1960,167324,69186,98131,58.64974868,41.35025132
Virginia,1960,771449,362327,404521,52.75113191,47.24886809
Washington,1960,1241572,599298,629273,51.21991322,48.78008678
West Virginia,1960,837781,441786,395995,47.2671259,52.7328741
Wisconsin,1960,1729082,830805,895175,51.86473771,48.13526229
Wyoming,1960,140782,63331,77451,55.01484565,44.98515435
Alabama,1964,689818,NA,479085,NA,NA
Alaska,1964,67259,44329,22930,34.09209176,65.90790824
Arizona,1964,480770,237753,242535,50.4978263,49.5021737
Arkansas,1964,560426,314197,243264,43.6378509,56.3621491
California,1964,7057586,4171877,2879108,40.83270635,59.16729365
Colorado,1964,776986,476024,296767,38.40197414,61.59802586
Connecticut,1964,1218578,826269,390996,32.12086111,67.87913889
Delaware,1964,201320,122704,78078,38.88695202,61.11304798
District of Columbia,1964,198597,169796,28801,14.50223317,85.49776683
Florida,1964,1854481,948540,905941,48.85145763,51.14854237
Georgia,1964,1139335,522556,616584,54.12714855,45.87285145
Hawaii,1964,207271,163249,44022,21.2388612,78.7611388
Idaho,1964,292477,148920,143557,49.08317577,50.91682423
Illinois,1964,4702841,2796833,1905946,40.52807925,59.47192075
Indiana,1964,2091606,1170848,911118,43.76238613,56.23761387
Iowa,1964,1184539,733030,449148,37.99326328,62.00673672
Kansas,1964,857901,464028,386579,45.44742754,54.55257246
Kentucky,1964,1046105,669659,372977,35.77250354,64.22749646
Louisiana,1964,896293,387068,509225,56.81456845,43.18543155
Maine,1964,380965,262264,118701,31.15798039,68.84201961
Maryland,1964,1116457,730912,385495,34.5299698,65.4700302
Massachusetts,1964,2344798,1786422,549727,23.53133298,76.46866702
Michigan,1964,3203102,2136615,1060152,33.16325525,66.83674475
Minnesota,1964,1554462,991117,559624,36.08752203,63.91247797
Mississippi,1964,409146,52618,356528,87.1395541,12.8604459
Missouri,1964,1817879,1164344,653535,35.95041254,64.04958746
Montana,1964,278628,164246,113032,40.76486414,59.23513586
Nebraska,1964,584154,307307,276847,47.3928108,52.6071892
Nevada,1964,135433,79339,56094,41.41826586,58.58173414
New Hampshire,1964,288093,184064,104029,36.10952019,63.89047981
New Jersey,1964,2847663,1868231,964174,34.04082396,65.95917604
New Mexico,1964,328645,194015,132838,40.64151163,59.35848837
New York,1964,7166275,4913102,2243559,31.34924234,68.65075766
North Carolina,1964,1424983,800139,624844,43.84922487,56.15077513
North Dakota,1964,258389,149784,108207,41.94216077,58.05783923
Ohio,1964,3969196,2498331,1470865,37.05700096,62.94299904
Oklahoma,1964,932499,519834,412665,44.25366676,55.74633324
Oregon,1964,786305,501017,282779,36.07813768,63.92186232
Pennsylvania,1964,4822690,3130954,1673657,34.83439138,65.16560862
Rhode Island,1964,390091,315463,74615,19.12822564,80.87177436
South Carolina,1964,524779,215723,309048,58.89197383,41.10802617
South Dakota,1964,293118,163010,130108,44.38758452,55.61241548
Tennessee,1964,1143946,634947,508965,44.49337012,55.50662988
Texas,1964,2626811,1663185,958566,36.56205338,63.43794662
Utah,1964,401413,219628,181785,45.28627623,54.71372377
Vermont,1964,163089,108127,54942,33.692486,66.307514
Virginia,1964,1042267,558038,481334,46.31007955,53.68992045
Washington,1964,1258556,779881,470366,37.62184592,62.37815408
West Virginia,1964,792040,538087,253953,32.06315338,67.93684662
Wisconsin,1964,1691815,1050424,638495,37.80495098,62.19504902
Wyoming,1964,142716,80718,61998,43.44152022,56.55847978
Alabama,1968,1049922,196579,146923,42.77209449,57.22790551
Alaska,1968,83035,35411,37600,51.49908918,48.50091082
Arizona,1968,486936,170514,266721,61.00174963,38.99825037
Arkansas,1968,619969,188228,190759,50.33391647,49.66608353
California,1968,7251587,3244318,3467664,51.66378575,48.33621425
Colorado,1968,811199,335174,409345,54.98113547,45.01886453
Connecticut,1968,1256232,621561,556721,47.24853643,52.75146357
Delaware,1968,214367,89194,96714,52.02250576,47.97749424
District of Columbia,1968,170578,139566,31012,18.18053911,81.81946089
Florida,1968,2187805,676794,886804,56.71560081,43.28439919
Georgia,1968,1250266,334440,380111,53.19578309,46.80421691
Hawaii,1968,236218,141324,91425,39.28051248,60.71948752
Idaho,1968,291183,89273,165369,64.94176137,35.05823863
Illinois,1968,4619749,2039814,2174774,51.60110549,48.39889451
Indiana,1968,2123597,806659,1067885,56.96772122,43.03227878
Iowa,1968,1167931,476699,619106,56.4978258,43.5021742
Kansas,1968,872783,302996,478674,61.2373508,38.7626492
Kentucky,1968,1055893,397541,462411,53.77172214,46.22827786
Louisiana,1968,1097450,309615,257535,45.40862206,54.59137794
Maine,1968,392936,217312,169254,43.78398514,56.21601486
Maryland,1968,1235039,538310,517995,49.03839327,50.96160673
Massachusetts,1968,2331752,1469218,766844,34.29439792,65.70560208
Michigan,1968,3306250,1593082,1370665,46.24770603,53.75229397
Minnesota,1968,1588506,857738,658643,43.43519208,56.56480792
Mississippi,1968,654509,150644,88516,37.01120589,62.98879411
Missouri,1968,1809502,791444,811932,50.63890192,49.36109808
Montana,1968,274404,114117,138835,54.88590721,45.11409279
Nebraska,1968,536851,170784,321163,65.28406515,34.71593485
Nevada,1968,154218,60598,73188,54.70527559,45.29472441
New Hampshire,1968,297298,130589,154903,54.25826293,45.74173707
New Jersey,1968,2875395,1264206,1325467,51.18279412,48.81720588
New Mexico,1968,327350,130081,169692,56.6068325,43.3931675
New York,1968,6791688,3378470,3007932,47.09900817,52.90099183
North Carolina,1968,1587493,464113,627192,57.47174255,42.52825745
North Dakota,1968,247882,94769,138669,59.40292497,40.59707503
Ohio,1968,3959698,1700586,1791014,51.29493642,48.70506358
Oklahoma,1968,943086,301658,449697,59.85146835,40.14853165
Oregon,1968,819622,358866,408433,53.22996641,46.77003359
Pennsylvania,1968,4747928,2259405,2090017,48.05275276,51.94724724
Rhode Island,1968,385000,246518,122359,33.17067749,66.82932251
South Carolina,1968,666978,197486,254062,56.26467175,43.73532825
South Dakota,1968,281264,118023,149841,55.93920796,44.06079204
Tennessee,1968,1248617,351233,472592,57.36558128,42.63441872
Texas,1968,3079216,1266804,1227844,49.21912831,50.78087169
Utah,1968,422568,156665,238728,60.37739667,39.62260333
Vermont,1968,161404,70255,85142,54.78998951,45.21001049
Virginia,1968,1361491,442387,590319,57.16234824,42.83765176
Washington,1968,1304281,616037,588510,48.85737128,51.14262872
West Virginia,1968,754206,374091,307555,45.11946083,54.88053917
Wisconsin,1968,1691538,748804,809997,51.96282271,48.03717729
Wyoming,1968,127205,45173,70927,61.0913006,38.9086994
Alabama,1972,1006111,256923,728701,73.93296024,26.06703976
Alaska,1972,95219,32967,55349,62.6715431,37.3284569
Arizona,1972,622926,198540,402812,66.98439516,33.01560484
Arkansas,1972,651320,199892,448541,69.173068,30.826932
California,1972,8367862,3475847,4602096,56.97113733,43.02886267
Colorado,1972,953884,329980,597189,64.40994037,35.59005963
Connecticut,1972,1384277,555498,810763,59.34173632,40.65826368
Delaware,1972,235516,92283,140357,60.33227304,39.66772696
District of Columbia,1972,163421,127627,35226,21.63055025,78.36944975
Florida,1972,2583283,718117,1857759,72.12144529,27.87855471
Georgia,1972,1174772,289529,881496,75.2755919,24.7244081
Hawaii,1972,270274,101409,168865,62.47918779,37.52081221
Idaho,1972,310379,80826,199384,71.15520502,28.84479498
Illinois,1972,4723236,1913472,2788179,59.302126,40.697874
Indiana,1972,2125529,708568,1405154,66.47771088,33.52228912
Iowa,1972,1225944,496206,706207,58.7324821,41.2675179
Kansas,1972,916095,270287,619812,69.63405194,30.36594806
Kentucky,1972,1067499,371159,676446,64.57071129,35.42928871
Louisiana,1972,1051491,298142,686852,69.73159227,30.26840773
Maine,1972,417042,160584,256458,61.49452573,38.50547427
Maryland,1972,1353812,505781,829305,62.11622322,37.88377678
Massachusetts,1972,2458756,1332540,1112078,45.49087015,54.50912985
Michigan,1972,3489727,1459435,1961721,57.34088127,42.65911873
Minnesota,1972,1741652,802346,898269,52.82024444,47.17975556
Mississippi,1972,645963,126782,505125,79.9366046,20.0633954
Missouri,1972,1855803,697147,1153852,62.33671655,37.66328345
Montana,1972,317603,120197,183976,60.48400088,39.51599912
Nebraska,1972,576289,169991,406298,70.50247359,29.49752641
Nevada,1972,181766,66016,115750,63.68077638,36.31922362
New Hampshire,1972,334055,116435,213724,64.73365863,35.26634137
New Jersey,1972,2997229,1102211,1845502,62.60792689,37.39207311
New Mexico,1972,386241,141084,235606,62.54639093,37.45360907
New York,1972,7165919,2951084,4192778,58.6906354,41.3093646
North Carolina,1972,1518612,438705,1054889,70.6275601,29.3724399
North Dakota,1972,280514,100384,174109,63.42930421,36.57069579
Ohio,1972,4094787,1558889,2441827,61.03474978,38.96525022
Oklahoma,1972,1029900,247147,759025,75.43690343,24.56309657
Oregon,1972,927946,392760,486686,55.34006636,44.65993364
Pennsylvania,1972,4592106,1796951,2714521,60.16929729,39.83070271
Rhode Island,1972,415808,194645,220383,53.10075465,46.89924535
South Carolina,1972,673960,186824,477044,71.85826098,28.14173902
South Dakota,1972,307415,139945,166476,54.32917457,45.67082543
Tennessee,1972,1201182,357293,813147,69.47361676,30.52638324
Texas,1972,3471281,1154289,2298896,66.57320705,33.42679295
Utah,1972,478476,126284,323643,71.93233569,28.06766431
Vermont,1972,186947,68174,117149,63.21341658,36.78658342
Virginia,1972,1457019,438887,988493,69.25226639,30.74773361
Washington,1972,1470847,568334,837135,59.56267979,40.43732021
West Virginia,1972,762399,277435,484964,63.61026182,36.38973818
Wisconsin,1972,1852890,810174,989430,54.98042903,45.01957097
Wyoming,1972,145570,44358,100464,69.37067573,30.62932427
